nombre,apellido
Sebastian,Perez
Karina,Gonzalez
Jose,Lopez
Juan,Milanesi
Ricardo,Mollo
Carlos,Izquierdo
Ricardo,Espinoza
Ana,Galvez
Ezequiel,Sivori
Nahuel,Ricciardo
Daniel,Soldan
Luca,Prodan
Rosa,Rodriguez
Yesica,Alvez
Angela,Mora
Pablo,Martinez
Elliot,Ness
Martin,Villalba
Carlos,Piniero
Matias,Griffin
Gustavo,Fring
Santiago,Blanco
Rodrigo,Simpson
Jeffrey,Hyman
Ariel,Ramone
Mike,Freeman
Walter,McLaren
Alejandro,Prodan
Gabriela,Sokol
Diego,Piazza
Manuel,Calabro
Luciano,Angeleri
Ricardo,Iorio
Silvia,Gallegos
Karl,Marx
Richard,Reinhardt
Michael,Burkett
Erik,Sandin
Eric,Malvin
Dave,Casillas
Aaron,Abeyta
Anthony,Kiedis
John,Frusciante
Chad,Smith
Michael,Balzary
Roberto,Ganian Ojeda
Julio Cesar,Sanchez
Marcelo,Pedrozo
Walter,Velazquez
Pablo,Coll
Santiago,Rossi
Luis,Gribaldo
Juan,Fandiño
Mariano,Martinez
Ciro,Pertusi
Federico,Pertusi
Leonardo,De Cecco
Fernando,Ruiz Diaz
Gabriel,Ruiz Diaz
Zeta,Bosio
Pablo,Mondello
Guillermo,Cibade
Federico,Piskorz
Daniel,Rabinovich
Marcos,Mundstock
Carlos,Nuñez Cortes
Jorge,Maronna
Carlos,Lopez Puccio
Alejandro,Dolina
